,Jaipur,Delhi,Ghaziabad,Noida,Lucknow,Ahmedabad,Gurugram,Faridabad,Agra,Kanpur,Mumbai,Pune,Hyderabad,Varanasi,Patna,Thiruvananthapuram,Bengaluru,Chennai,Visakhapatnam,Kolkata
2018-01-01,180.96774,328.8387,405.4516,319.0,361.48386,191.26666,274.03333,337.1613,355.6129,372.23334,174.39131,78.53333,140.03226,297.26666,345.0,132.16129,89.0,141.93549,209.03703,63.8
2018-02-01,162.35715,262.7857,288.25,225.85185,261.17856,220.84,223.53572,265.60715,235.39285,199.82143,149.27272,117.03704,111.5,252.14285,299.13043,94.375,78.28571,110.14286,152.25926,63.8
2018-03-01,116.3871,214.0,244.32259,191.06451,227.09677,201.06897,223.96153,185.41936,183.19354,131.65517,129.6129,113.3871,110.29032,233.54839,249.96552,77.96429,97.6129,98.064514,114.32258,63.8
2018-04-01,144.9,223.33333,237.9,233.3,201.56667,174.86667,248.33333,178.8,145.84,108.31035,89.947365,101.433334,88.8,193.47058,196.65384,65.27586,89.6,67.23333,70.26923,63.8
2018-05-01,165.03226,218.41936,240.32259,229.67741,216.48387,104.55173,266.2258,197.6923,161.66667,140.36667,74.1875,95.17391,90.129036,177.45161,184.53334,54.9,78.48387,79.96774,74.18519,72.85714
2018-06-01,164.23334,203.06667,213.27586,206.13333,187.43333,108.586205,241.43333,150.88461,108.64286,105.32143,71.65,63.8,62.833332,176.56667,147.13333,45.75862,60.6,98.1,100.68421,82.18519
2018-07-01,98.83871,104.0,110.566666,99.77419,70.6129,107.5,108.82143,103.78571,65.77778,78.3871,66.75,57.033333,53.096775,83.51724,91.344826,45.689655,53.967743,97.80645,87.77778,46.258064
2018-08-01,100.19355,111.3871,112.166664,115.22581,80.0,88.5,140.77272,140.875,55.75862,85.51613,70.3871,55.064518,56.83871,88.72414,100.71429,60.7,54.35484,86.03226,97.166664,62.5
2018-09-01,94.13333,111.63333,127.10345,134.13333,95.333336,108.0,131.28572,125.69231,60.633335,88.4,75.96667,63.566666,77.96667,149.2069,123.92,52.892857,67.5,79.703705,101.6,78.27586
2018-10-01,142.96774,268.9355,299.25925,277.53333,248.58064,217.46666,322.08,281.63333,215.35715,256.67743,115.17391,105.064514,107.32258,230.25807,233.53847,60.83871,83.32258,94.41936,140.41936,155.25807
2018-11-01,168.0,335.03333,352.8,344.7,341.1,204.33333,282.93103,345.06897,316.48276,340.36365,138.36,143.33333,111.433334,319.23077,352.74075,89.23333,91.333336,109.13333,109.73684,258.73334
2018-12-01,150.80646,360.51614,391.26666,369.76666,334.35483,180.89655,249.92592,343.9355,362.2258,357.1613,150.2258,169.60715,134.54839,358.34482,392.20834,119.67742,112.354836,125.41936,167.31818,325.19354
2019-01-01,140.64516,327.7097,339.48386,319.90323,288.12903,179.0,272.9655,325.96,308.66666,345.74075,168.74193,179.9,133.74193,310.35483,371.93103,126.0,111.03226,114.870964,280.46155,342.90323
2019-02-01,112.85714,242.39285,262.66666,240.39285,230.21428,128.75,181.96297,189.85715,215.8077,222.39285,147.77777,130.46428,114.25,281.18518,270.66666,81.07143,102.92857,86.28571,144.90909,250.67857
2019-03-01,101.451614,184.16129,206.41936,179.32259,217.70967,141.64516,148.9,167.22223,160.65517,140.32,120.03333,124.166664,104.258064,232.66667,209.22223,82.793106,121.3871,88.548386,91.96154,161.45161
2019-04-01,139.33333,210.73334,258.13333,207.43333,218.4,190.1923,200.33333,201.51852,141.4,130.85715,93.206894,92.22222,90.333336,236.66667,163.17857,63.6,115.333336,68.0,90.18519,80.73333
2019-05-01,136.80646,220.6129,273.0645,225.06451,180.58064,128.8,207.33333,202.55173,129.03334,138.86208,85.77419,84.0,110.51613,242.7,186.73334,71.76,94.3871,88.22581,123.44444,84.31035
2019-06-01,115.26667,190.06667,217.76666,200.86667,157.23334,180.92592,189.53847,153.78572,114.89655,106.42308,65.86667,63.88889,58.5,197.16,141.62962,43.8125,59.333332,90.413795,102.31035,66.86667
2019-07-01,78.80645,134.0,151.48387,142.16129,75.645164,137.34483,109.566666,89.9,62.966667,63.107143,52.16129,65.83871,40.548386,115.13793,72.6,42.16129,55.451614,71.83871,91.26923,57.16129
2019-08-01,60.129032,86.19355,94.32258,79.48387,73.258064,128.16667,62.548386,55.444443,71.46154,55.448277,56.903225,74.03226,48.258064,81.09091,78.07407,37.766666,48.48387,65.19355,86.27273,46.096775
2019-09-01,68.566666,98.066666,95.46667,95.8,66.8,133.96,70.06896,64.652176,47.464287,48.666668,44.666668,77.89286,42.7,74.458336,94.083336,49.172413,57.733334,82.333336,68.63636,37.966667
2019-10-01,129.03226,233.83871,262.1613,248.87097,195.19354,184.10345,207.0,244.24,103.96667,180.04546,85.32258,98.0,75.58064,191.73334,208.81818,50.333332,63.51613,83.258064,80.181816,115.19355
2019-11-01,155.0,312.23334,340.2,323.33334,314.36667,164.06897,272.53333,301.64285,172.58621,348.07144,133.33333,143.33333,138.13333,287.5926,352.31033,59.2,82.8,116.13333,145.8,195.56667
2019-12-01,125.70968,337.2903,367.64517,357.5484,280.32257,129.42308,264.12903,340.0,134.82608,317.92307,178.54839,158.83871,131.74193,285.43478,353.32,68.19355,71.96774,79.58064,118.78571,200.74193
2020-01-01,105.09677,285.67743,313.5484,303.8387,255.0,119.391304,214.25807,270.3871,222.2963,282.7742,163.48387,155.06451,104.645164,243.75,250.67741,67.86667,86.77419,81.548386,120.25,203.58064
2020-02-01,120.21429,245.0,267.5,246.03572,207.64285,153.35715,193.78572,207.28572,188.77777,205.28572,154.89285,124.35714,93.78571,204.84,185.85715,75.60714,87.92857,76.32143,95.57692,188.46428
2020-03-01,94.19355,128.2258,141.54839,119.77419,127.645164,103.28571,117.3871,147.06451,99.833336,107.258064,100.451614,85.90323,77.870964,121.44827,143.2258,62.677418,84.90323,61.80645,71.92,121.6129
2020-04-01,82.13333,109.7,125.166664,104.7,104.166664,99.066666,110.5,128.8,94.32143,91.89286,69.9,53.7,62.233334,154.96,109.03333,49.7,56.233334,47.3,53.84,66.03333
2020-05-01,106.19355,143.74193,158.58064,133.09677,111.70968,170.09677,143.19354,153.17241,96.566666,88.0,54.70968,67.19355,76.09677,137.89285,104.48387,42.741936,60.258064,59.35484,63.29032,48.903225
2020-06-01,88.36667,123.26667,143.43333,126.0,95.0,76.28,135.43333,136.0,99.23333,61.366665,38.166668,60.590908,45.1,60.785713,69.433334,40.931034,46.733334,81.63333,77.18519,39.333332
2020-07-01,66.90323,83.80645,100.354836,89.51613,78.19355,73.0,86.548386,91.70968,80.5,56.103447,38.935482,56.741936,37.0,44.42857,54.258064,36.64516,38.677418,76.70968,74.3,41.064518
2020-08-01,51.903225,63.870968,63.258064,73.6129,73.67742,69.03226,61.225807,79.0,76.0,50.967743,36.064518,49.666668,34.322582,52.51613,49.774193,47.48387,47.548386,61.16129,69.064514,45.16129
2020-09-01,81.433334,118.7,131.9,120.63333,129.03334,89.066666,117.666664,151.33333,139.17241,87.07407,58.1,52.263157,49.333332,106.55556,66.9,44.666668,48.633335,63.566666,67.15385,45.933334
2020-10-01,136.54839,265.41934,281.19354,267.19354,249.3871,132.87097,247.93549,271.2903,258.03226,208.64516,95.645164,63.8,96.03226,176.75862,150.67741,56.387096,63.870968,63.29032,115.36,76.0
2020-11-01,175.2,327.93332,351.43332,330.46667,290.96667,167.0,303.7,311.03333,296.17856,314.53333,154.63333,92.25,114.36667,245.3793,227.53334,68.13333,69.8,73.63333,124.19231,176.4
2020-12-01,141.7742,331.87097,367.67743,349.12903,342.74194,154.03226,280.51614,317.03226,302.67743,355.2258,173.09677,132.9,145.06451,297.74194,309.41934,65.80645,83.41936,76.354836,203.93549,284.1613
2021-01-01,154.35484,324.03226,353.0645,332.67743,314.6129,164.1,269.25806,315.58066,285.43332,320.09677,214.90323,120.19355,128.67741,255.73334,254.29033,67.741936,81.32258,79.90323,178.89655,267.67743
2021-02-01,129.92857,287.7857,327.92856,294.7857,251.57143,165.17857,271.85715,285.66666,211.51852,226.25,160.67857,122.64286,125.10714,229.5,242.60715,75.25,85.21429,77.96429,150.84,226.89285
2021-03-01,133.7742,223.48387,261.3871,223.51613,211.67741,178.1,213.51613,233.0,189.9,159.25807,149.70967,114.80645,121.48387,226.83871,234.03226,61.419353,81.90323,67.29032,128.39285,159.54839
2021-04-01,138.53334,201.76666,242.13333,193.73334,171.6,149.72414,181.0,203.53334,190.2381,109.066666,98.833336,90.0,102.333336,217.89655,198.43333,57.066666,86.8,58.3,92.65385,99.0
2021-05-01,101.741936,144.3871,172.64516,144.73334,104.741936,131.7,121.48387,159.90323,87.38095,67.70968,72.41936,62.48387,61.0,111.034485,96.09677,43.793102,51.387096,61.580647,69.48276,59.064518
2021-06-01,110.5,147.3,158.86667,145.46666,79.833336,94.9,121.26667,146.27586,92.433334,60.033333,60.233334,72.23333,48.833332,91.206894,78.24138,63.1,54.866665,65.76667,89.14286,50.866665
2021-07-01,75.451614,110.064514,120.51613,116.645164,70.645164,73.0,88.19355,103.77419,69.58064,50.16129,59.096775,72.09677,40.19355,52.741936,70.258064,53.466667,52.580647,57.225807,77.03333,51.548386
2021-08-01,79.48387,106.741936,115.96774,108.70968,60.677418,71.129036,97.645164,105.3871,68.354836,58.0,56.16129,66.80645,49.19355,49.451614,72.258064,58.580647,57.70968,59.677418,84.85185,55.80645
2021-09-01,51.666668,78.433334,78.0,71.6,61.833332,64.566666,70.3,81.63333,50.0,50.066666,55.933334,66.73333,43.433334,46.6,69.36667,52.133335,56.7,59.233334,78.86667,48.533333
2021-10-01,109.67742,173.16129,211.2258,181.67741,129.16129,111.48387,168.03226,192.90323,152.87097,116.83871,96.03226,79.09677,99.258064,78.51613,114.77419,42.612904,71.16129,63.16129,102.80645,102.70968
2021-11-01,213.13333,376.5,378.06668,369.76666,251.5,140.5,356.56668,371.8,297.53333,269.9,147.83333,127.26667,97.066666,224.26666,255.13333,47.8,67.066666,57.766666,100.89655,165.83333
2021-12-01,167.96774,335.96774,310.09677,304.96774,213.19354,133.83871,295.96774,317.87097,216.93549,185.48387,176.19354,155.6129,140.2258,159.48387,268.67743,79.16129,89.29032,87.03226,125.80645,202.09677
2022-01-01,142.0,278.5484,261.35483,253.54839,173.3871,124.22581,241.51613,268.0,177.87097,165.12903,175.67741,139.03334,113.22581,133.58064,259.7097,65.16129,82.0,63.967743,140.06897,209.58064
2022-02-01,131.28572,224.82143,239.64285,198.17857,140.82143,151.71428,214.0,235.10715,122.67857,136.5,158.67857,126.32143,117.57143,107.64286,223.28572,64.25,95.03571,80.21429,128.96153,152.53572
2022-03-01,135.6129,217.19354,247.7742,193.48387,160.87097,154.12903,204.19354,215.2258,132.70967,137.83871,164.58064,139.64516,120.80645,108.41936,238.41936,64.933334,101.51613,77.870964,126.16129,137.03226
2022-04-01,161.73334,255.4,256.2,270.76666,202.2,129.36667,242.83333,278.46667,142.53334,135.9,107.066666,119.4,101.96667,120.333336,240.26666,45.066666,87.3,43.166668,77.68965,70.73333
2022-05-01,190.32259,212.16129,220.58064,223.03226,132.54839,153.54839,208.29033,216.03334,126.064514,118.870964,121.80645,128.48387,100.16129,96.548386,143.45161,42.387096,72.451614,69.29032,88.68,72.32258
2022-06-01,135.26666,190.03334,205.7,210.36667,142.73334,90.433334,206.56667,187.66667,102.36667,122.46667,61.633335,84.333336,74.53333,83.833336,132.7,43.5,60.033333,65.03333,90.57143,59.333332
2022-07-01,56.466667,87.3871,79.96667,83.666664,66.6,72.965515,107.46667,101.5,37.466667,46.533333,64.066666,68.0,51.233334,52.866665,92.73333,47.866665,64.26667,59.866665,85.26667,40.4
2022-08-01,65.548386,93.354836,89.09677,83.80645,54.19355,72.36667,88.451614,121.77419,40.16129,40.0,61.741936,72.25,53.64516,52.032257,83.96774,40.774193,56.967743,59.548386,88.48387,47.0
2022-09-01,75.96667,104.433334,105.03333,100.066666,64.86667,70.666664,121.333336,114.333336,45.433334,51.933334,60.066666,76.5,54.866665,57.133335,80.53333,35.8,59.533333,68.23333,78.2,49.8
2022-10-01,117.41936,210.19354,215.93549,211.16129,128.16129,136.93549,201.2258,211.16129,105.32258,126.548386,97.870964,87.166664,68.19355,107.70968,147.74193,47.48387,82.19355,87.67742,89.62069,75.6129
2022-11-01,152.9,320.6,278.3,276.46667,203.6,131.9,285.63333,296.36667,119.53333,221.4,173.2,119.57143,102.666664,120.1,286.56668,57.5,93.26667,85.833336,149.7,188.66667
2022-12-01,143.54839,319.2258,272.6129,280.90323,208.80646,122.93104,276.6129,288.03226,104.41936,167.80646,202.09677,166.66667,97.70968,99.064514,368.41934,71.51613,84.09677,98.67742,178.66667,253.96774
2023-01-01,152.2258,311.41934,262.96667,276.25806,189.41936,130.0,263.5484,306.87097,87.870964,168.2258,202.96774,161.0,99.741936,81.48387,336.6129,84.83871,92.80645,106.83871,191.23334,225.0
2023-02-01,150.89285,237.35715,198.92857,199.53572,155.14285,157.82143,228.03572,222.64285,55.0,122.92857,194.07143,157.82143,105.46429,62.0,273.5357,77.85714,97.92857,102.10714,150.88461,128.89285
2023-03-01,95.09677,169.7742,152.35484,154.80646,113.70968,129.12903,152.35484,163.3,57.48387,106.83871,147.0,126.41936,90.90323,65.451614,209.64516,58.64516,78.870964,71.83871,139.9,96.41936
2023-04-01,119.76667,179.63333,174.06667,178.76666,123.76667,115.333336,181.36667,135.26666,72.46667,112.5,105.166664,121.96667,87.63333,76.6,209.0,48.1,79.76667,66.3,111.68965,95.23333
2023-05-01,119.354836,171.0,160.93549,169.51613,121.90323,112.258064,183.51613,122.0,72.96774,98.77419,80.064514,121.16129,83.19355,70.80645,163.19354,33.612904,61.64516,74.48387,101.53333,65.3871
2023-06-01,99.53333,129.76666,124.5,132.56667,104.96667,82.26667,153.63333,127.63333,75.566666,112.7,79.96667,106.26667,71.63333,73.066666,160.16667,32.533333,52.433334,70.9,119.89655,58.066666
2023-07-01,88.354836,83.741936,73.6129,83.870964,55.64516,81.0,89.32258,104.19355,57.677418,62.70968,71.67742,97.354836,56.096775,34.612904,83.19355,27.862068,49.258064,74.19355,83.73333,37.096775
2023-08-01,108.03226,116.48387,115.90323,114.77419,80.741936,74.354836,125.064514,100.29032,78.48387,77.80645,62.322582,88.548386,73.90323,45.548386,93.70968,33.83871,65.80645,72.67742,113.07143,66.96774
2023-09-01,80.066666,107.73333,105.63333,102.965515,74.166664,76.7,148.73334,107.066666,74.36667,64.5,66.166664,83.166664,65.066666,33.433334,81.933334,31.733334,48.466667,61.166668,95.05556,45.3
2023-10-01,137.96774,217.7742,194.67741,202.25807,119.19355,122.96774,184.45161,212.12903,107.80645,119.19355,145.54839,141.93549,90.935486,60.16129,134.0,43.2,83.741936,80.70968,148.14285,101.90323
2023-11-01,239.63333,372.6,327.43332,334.43332,218.86667,134.9,314.4,359.36667,142.63333,172.0,141.5,143.43333,92.1,93.13333,274.43332,48.41379,75.0,72.1,122.181816,164.7
2023-12-01,200.19354,347.96774,286.12903,302.48386,172.03226,108.870964,263.09677,273.96774,106.29032,156.70967,143.93549,161.51613,95.741936,77.80645,267.58066,52.612904,86.548386,84.93104,169.70833,176.12903
2024-01-01,231.83871,354.8387,293.87097,306.41934,180.25807,133.48387,252.0,292.51614,121.258064,151.16129,116.258064,128.7742,92.6129,69.451614,283.7097,70.451614,100.09677,103.90323,193.60715,224.93549
2024-02-01,146.17241,217.58621,171.65517,196.03448,117.413795,125.655174,199.65517,192.89655,71.86207,115.793106,121.68965,121.655174,80.75862,49.41379,201.86208,63.827587,90.17242,78.68965,111.965515,142.48276
2024-03-01,108.41936,175.90323,131.80646,148.3871,114.258064,138.2258,191.35484,187.83333,71.03226,105.129036,98.741936,116.6129,83.19355,35.032257,168.41936,73.129036,104.41936,73.6129,102.16129,91.935486
2024-04-01,121.566666,183.4,157.96666,173.83333,134.06667,119.933334,235.0,197.3,70.03333,121.566666,98.73333,103.0,86.166664,35.0,222.56667,63.166668,80.46667,61.2,104.5,98.2
2024-05-01,150.58064,224.03226,191.74193,228.3871,145.67741,134.35484,219.7742,235.90323,79.03226,129.32259,81.451614,102.548386,73.58064,38.580647,171.06451,55.6,66.96774,65.870964,88.51613,58.774193
2024-06-01,120.03333,179.13333,167.1,183.0,116.7,101.36667,177.13333,174.5,61.366665,113.066666,53.7,59.8,59.4,41.9,135.03334,40.766666,49.7,66.4,98.82143,53.366665
2024-07-01,66.064514,96.064514,92.29032,74.83871,61.129032,72.6129,109.19355,115.16129,38.096775,57.677418,44.419353,52.258064,51.967743,46.935482,73.6129,43.096775,50.774193,68.645164,89.064514,42.64516
2024-08-01,56.29032,72.16129,66.03226,68.548386,52.612904,58.64516,92.4,69.354836,31.161291,55.096775,42.322582,52.29032,57.129032,51.64516,69.29032,46.225807,56.129032,63.870968,85.75862,50.387096
2024-09-01,86.566666,105.1,112.63333,109.4,60.9,70.76667,91.066666,72.666664,42.2,61.3,46.7,55.166668,61.2,65.0,84.2,42.766666,57.0,56.166668,90.13793,55.433334
2024-10-01,146.93549,234.0,224.48387,205.25807,115.258064,124.83871,165.06451,148.25807,94.935486,112.77419,84.22581,84.6129,77.77419,77.83871,148.45161,48.225807,71.51613,68.29032,97.21429,76.29032
2024-11-01,209.26666,374.23334,300.8,284.06668,229.3,152.9,292.56668,238.0,141.4,164.63333,153.63333,155.76666,110.46667,93.1,250.8,66.36667,85.13333,92.03333,142.2,158.86667
2024-12-01,181.41936,293.8387,210.48387,215.6129,182.41936,140.80646,235.93549,170.51613,108.70968,113.548386,154.6129,127.77419,87.80645,62.29032,252.51613,56.064518,74.96774,63.580647,125.46154,158.6129
2025-01-01,162.29033,305.67743,207.90323,201.35484,188.06451,125.83871,212.54839,182.74193,92.83871,119.09677,136.70967,142.35484,98.19355,50.51613,243.2258,73.67742,90.70968,100.870964,196.62962,171.64516
2025-02-01,132.96428,214.28572,137.28572,141.46428,155.96428,140.85715,193.25,137.92857,77.64286,99.75,122.35714,133.85715,93.64286,51.285713,194.28572,92.0,86.39286,83.14286,135.68,117.25
2025-03-01,116.09677,169.96774,226.09677,121.90323,129.58064,139.80646,179.54839,90.32258,92.19355,103.741936,104.0,138.3871,89.58064,71.96774,169.96774,107.32258,92.03226,64.03226,91.67742,94.258064
